출처번호,문서제목,요약문서,원문,동일내용주소번호
1,[출입국재류관리청] 육성취업 제도 Q&A,https://docs.google.com/document/d/1dqM_Q79XBV7Bu0rgRA1aTZcx6DIjMvAZvZRim5y6ye8/edit,https://www.moj.go.jp/isa/applications/faq/ikusei_qa_00002.html,
2,[외국인기능실습기구] 기능실습 제도의 기본이념,https://docs.google.com/document/d/1bDVJ17V0UYnhGpqsxl8rC3SAeXX2C_a-w0gzXVo999c/edit?tab=t.0,https://www.otit.go.jp/system/philosophy/,
3,[출입국재류관리청·후생노동성] 외국인 기능실습 제도 안내,https://docs.google.com/document/d/1SNXZ7IIlc3e6R2Odu0t_WUDaKc_Lv7lGiM_LpmT-jJE/edit?tab=t.0,https://www.moj.go.jp/isa/content/001451535.pdf,
4,[출입국재류관리청] 2025년 말 재류외국인 통계,https://docs.google.com/document/d/1DL6oOMarIRgygRsf2_uswK-tePZgFiv8lo0KGsz8bVY/edit?tab=t.0,https://www.moj.go.jp/isa/publications/press/13_00062.html,
5,[출입국재류관리청] 2025년 외국인 입국·일본인 출국 통계,https://docs.google.com/document/d/1lkz_Ax8HWlOGM-MuQoZpR8zjsQG6EDUSqMmeLCATTho/edit?tab=t.0,https://www.moj.go.jp/isa/publications/press/13_00063.html,
6,[후생노동성] 외국인 기능실습 제도 종합 안내,https://docs.google.com/document/d/1swHq88aYeBL_GezvJFKjHZ1zdvpEg5ucXiX_ghv8pvE/edit?tab=t.0,https://www.mhlw.go.jp/stf/seisakunitsuite/bunya/koyou_roudou/jinzaikaihatsu/global_cooperation/index.html,
7,[외국인기능실습기구] 송출기관의 정의와 송출국 인증 체계,https://docs.google.com/document/d/1EGpigykdTS7JkC6VrTI3asBfWGDwM8ARB_mUNQ7tC8s/edit?tab=t.0,https://www.otit.go.jp/system/sender/,
8,[출입국재류관리청·후생노동성] 기능실습 제도 운영요령 — 2026년 4월,https://docs.google.com/document/d/1YRWKmLpqNxlaIc5Od7LNkY8iGctArWlMq5ya54OCiD4/edit?tab=t.0,https://www.moj.go.jp/isa/content/930005219.pdf,
9,[출입국재류관리청] 재류자격 기능실습의 구분과 신청 절차,https://docs.google.com/document/d/1Fg70oHy7AmnSybC7bh73dVknLlsE_hSH3spUsFTkEqQ/edit?tab=t.0,https://www.moj.go.jp/isa/applications/status/technicalinterntraining,
10,[출입국재류관리청] 기능실습·특정기능 제도 현황 — 제1회 전문가회의,https://docs.google.com/document/d/1ldYWihyO9yQ7kky9DU4fzY7GVJbvCU31ni54bzCCMD8/edit?tab=t.0,https://www.moj.go.jp/isa/content/001385692.pdf,
11,[출입국재류관리청] 재류 절차와 제도별 안내 허브,https://docs.google.com/document/d/1FaWTk-2rIqXhWfTo71BHfucJ6a6uOo_LvhFPtBOvecQ/edit?tab=t.0,https://www.moj.go.jp/isa/applications/,
12,[출입국재류관리청] 재류 신청 후 지켜야 할 사항,https://docs.google.com/document/d/1vhpKjl_oxJfoJ9ZPQME7iio1OfSapgD80tp0_LnBD14/edit?tab=t.0,https://www.moj.go.jp/isa/11_00037.html,
13,[출입국재류관리청] 특정기능 제도 Q&A,https://docs.google.com/document/d/1sPcm46LtJkyZebzetusabO4avJa4rdCfJVhVAxkrUSw/edit?tab=t.0,https://www.moj.go.jp/isa/policies/ssw/faq.html,"71,82"
14,[출입국재류관리청] 특정기능 외국인 수용기관 안내,https://docs.google.com/document/d/1fymaAwZ6z0ijNe6h0LNMcUas6519TB7m1-V24_EG78A/edit?tab=t.0,https://www.moj.go.jp/isa/policies/ssw/nyuukokukanri06_00103.html,
15,[출입국재류관리청] 기술·인문지식·국제업무 재류자격 신청 안내,https://docs.google.com/document/d/1QYq6t5wnOSDNXMdLIexiZ7vQUkaGeVcKO3GvQVKOkn0/edit?tab=t.0,https://www.moj.go.jp/isa/applications/status/gijinkoku,
16,[출입국재류관리청] 육성취업 제도 개요와 2027년 전환,https://docs.google.com/document/d/1BmBxPUBKdUXZ-VgYmpkSSPlRE-tj-lGYYeNbrZByQHA/edit?tab=t.0,https://www.moj.go.jp/isa/content/001452485.pdf,
17,[후생노동성] 개호인력 확보 현황 — 2025년 11월,https://docs.google.com/document/d/16NCiv8PLGkGv5vDMDK6BiuIvzRTyXxsu-CpiGG2RXXE/edit?tab=t.0,https://www.mhlw.go.jp/content/12000000/001592637.pdf,
18,[오사카부 사회복지협의회] 2026년도 개호복지사 수학자금 모집요강,https://docs.google.com/document/d/1Eb5LY_fjcArWGALyS2zus-r4_feKQOE4m8trsX_O2Ig/edit?tab=t.0,https://www.osakafusyakyo.or.jp/syuugakushikin/wp-content/uploads/2026/03/06-%E3%80%90%E8%B2%B8%E4%BB%98%E5%B8%8C%E6%9C%9B%E8%80%85%E5%90%91%E3%81%91%E3%80%91%E4%BB%A4%E5%92%8C8%E5%B9%B4%E5%BA%A6%E4%BB%8B%E8%AD%B7%E7%A6%8F%E7%A5%89%E5%A3%AB%E4%BF%AE%E5%AD%A6%E8%B3%87%E9%87%91%E5%8B%9F%E9%9B%86%E8%A6%81%E9%A0%98.pdf,
19,[지바현] 2026년도 유학생 수용 프로그램,https://docs.google.com/document/d/1PGnfauA7CLeuZSCeMGNa8wtcxMTmWEvxj6Gwke2TNjo/edit?tab=t.0,https://www.pref.chiba.lg.jp/kenshidou/jinzai/ryugakusei.html,
20,[출입국재류관리청] 유학생 대여형 장학금의 조건과 제출자료,https://docs.google.com/document/d/1XqeWPx3rpQ2e7iKWWh1qpkKoYZAxlUyKRKTrbwQYxf0/edit?tab=t.0,https://www.moj.go.jp/isa/applications/resources/nyuukokukanri07_00155.html?lang=xh,21
22,[오사카부] 개호·사회복지 양성시설 목록 안내,https://docs.google.com/document/d/1i8UIfPQhOigOBS0ndkpewkpTYp0aEh67A9GcL0_1Ncg/edit?tab=t.0,https://www.pref.osaka.lg.jp/o090040/houjin/kaigohukushi/index.html,
23,[후생노동성] 2025년도 부국장회의 — 복지·개호 인력정책,https://docs.google.com/document/d/1mJetpyEfGhGhVk-Vm0Cvd6wQ4WkkpPqDSZzIdlSrws4/edit?tab=t.0,https://www.mhlw.go.jp/content/10200000/001646467.pdf,
24,[가나가와현] 외국인 개호 유학생 지원사업,https://docs.google.com/document/d/1cl2aXnuy5IdeOr-JXZx_91lpbmN9D12AHfR36vq63xg/edit?tab=t.0,https://www.pref.kanagawa.jp/docs/n7j/ryugakuseishien.html,
25,[지바현] 2026년도 개호 유학생 프로그램 세부 운영,https://docs.google.com/document/d/1oY9yY77odmFvBKxp-9gbZ89WchnbPTRv8SQPZdCZPGQ/edit?tab=t.0,https://www.pref.chiba.lg.jp/kenshidou/jinzai/documents/kaigo-siryou.pdf,
26,[오사카부] 개호 유학생 수용 가이드라인 — 2018년,https://docs.google.com/document/d/17uTf6MZLrTKJ9m1dwDY3YJpI4ckIg5y-dxnKmde2Kb4/edit?tab=t.0,https://www.pref.osaka.lg.jp/documents/5835/24.pdf,
27,[오사카부] 외국인 개호인력 수용·정착 지원 안내,https://docs.google.com/document/d/1tmkpgDfJpL7RePfAq2Fa_7Ql61gGLBcWrQT-qzji6F0/edit?tab=t.0,https://www.pref.osaka.lg.jp/o090040/houjin/jinzai/ukeirejigyousya.html,
28,[출입국재류관리청] 유학생 장학금 증빙서류 확인표,https://docs.google.com/document/d/1a4qLMkv6HrEVS-AsujuKgzLfXbpqvZ-JnzT8z5wiqaA/edit?tab=t.0,https://www.moj.go.jp/isa/content/001417508.pdf,
29,[후생노동성] 외국인 개호인력 수용 현황과 방향 — 2024년 3월,https://docs.google.com/document/d/1ImBcKKXfWiRp2UQb17GgkPs_jqui0ZfJXiEgype0gAY/edit?tab=t.0,https://www.mhlw.go.jp/content/12000000/001240343.pdf,
30,[후생성] 1993년 개호복지사 등 수학자금 대출 통지,https://docs.google.com/document/d/1pKo8C-HAzzIpN5V0c7nV-oGO8oHAQmvqwDOeySolvAc/edit?tab=t.0,https://www.mhlw.go.jp/web/t_doc?dataId=00ta8389&dataType=1&pageNo=1,
31,[후생노동성] 복지·개호 인력 확보와 수학자금 확대 — 2009년,https://docs.google.com/document/d/1GXFpH_9nG9Qan4EtdaT8by9g4pyoRn05lOVjhmZ-4N8/edit?tab=t.0,https://www.mhlw.go.jp/bunya/seikatsuhogo/fukusijinzai_kakuho02/dl/01.pdf,
32,[후생노동성] 2021년도 부국장회의 — 개호 인력과 외국인 지원,https://docs.google.com/document/d/1n1VPcDJBCxVnA127uJIkAwUmudvALwr9hsZcp52BKq0/edit?tab=t.0,https://www.mhlw.go.jp/content/10200000/000889057.pdf,
33,[후생노동성] 사회복지법 등 개정안과 개호 자격 경과조치,https://docs.google.com/document/d/11-mcc5qsqbNRHnaHp02sqIHT1hrm2xGnK3beg2f95ek/edit?tab=t.0,https://guardianship.mhlw.go.jp/common/uploads/2026/05/notice20260508.pdf,
34,[トモハタ] 특정기능 인원 추이와 수용 상한 해설,https://docs.google.com/document/d/1Ho-G7geS_xAm9AcSWwrgO-WhORtFs-yJAnzfolS5o7w/edit?tab=t.0,https://tomohata.jp/guide/tokutei-ginou-toukei,
35,[출입국재류관리청] 특정기능 재류자격 신청서류 안내,https://docs.google.com/document/d/1GiG37GhjWsYzFCigyCzBch96avtGElgmTW9jyhrvm1o/edit?tab=t.0,https://www.moj.go.jp/isa/applications/status/specifiedskilledworker.html,75
36,[후생노동성] 개호 특정기능 시험·협의회·방문서비스 안내,https://docs.google.com/document/d/1MsjT0BEurxilwGFziMjaXTS8Qdqb-OjgAV9_PNo2Krs/edit?tab=t.0,https://www.mhlw.go.jp/stf/newpage_000117702.html,
37,[출입국재류관리청] 특정기능 개호 분야 안내 — 2025년 기준,https://docs.google.com/document/d/1cZ_YY-BAhI5mG15LFTbUmh6a0VB-ZFbN_z90hPxEGV8/edit?tab=t.0,https://www.moj.go.jp/isa/policies/ssw/nursingcare.html,
38,[출입국재류관리청] 특정기능·육성취업 분야별 운영방침안 — 제10회 회의 자료 3,https://docs.google.com/document/d/1C3ed5F5gRRKh3zFi9FWD4FWNgyVgWCvP9_KhJorHDA8/edit?tab=t.0,https://www.moj.go.jp/isa/content/001457658.pdf,
39,[출입국재류관리청] 특정기능·육성취업 분야별 운영방침안 — 제11회 회의 자료 3-1,https://docs.google.com/document/d/1sixJ5f86ob5izrFbax_JyIVeanInurImqLx9sw9Fw8s/edit?tab=t.0,https://www.moj.go.jp/isa/content/001457667.pdf,
40,[トモハタ] 특정기능 개호의 취업처와 경로 해설,https://docs.google.com/document/d/1e1XaG2CaWjfR0pLC4XbqT5jS6qBRMDNX2Xj8TFPX7Nk/edit?tab=t.0,https://tomohata.jp/guide/kaigo-saiyo,
41,[출입국재류관리청] 특정기능 재류외국인 통계 자료실,https://docs.google.com/document/d/1YrA_S2BEMUjIAwMqPHAmDfBKMpN56afelw1AF2GxZeU/edit?tab=t.0,https://www.moj.go.jp/isa/applications/ssw/nyuukokukanri07_00215.html?lang=en,
42,[후생노동성·미쓰비시UFJ리서치앤컨설팅] 해외 개호인재 확보력 강화 조사 — 인도·인도네시아,https://docs.google.com/document/d/1NaIGAtcJX6S7rmCNgFAUvf3vfZcirV-Ur_d_T2_CUvQ/edit?tab=t.0,https://www.murc.jp/wp-content/uploads/2026/04/koukai_260410_02.pdf,
43,[지바현] 외국인 개호인력 수용 경로와 현황,https://docs.google.com/document/d/111gMYoJ1WXIxQzMvV1nTy8s1qeNODe8ZamIzY8uffgM/edit?tab=t.0,https://www.pref.chiba.lg.jp/kenshidou/jinzai/gaikokujinkaigoshikumi.html,
44,[출입국재류관리청] 특정기능 1호 전환 준비를 위한 특정활동,https://docs.google.com/document/d/1q0lpGampEjvrrq52076BHDTXOLGMRrAFV3vzeouK5yE/edit?tab=t.0,https://www.moj.go.jp/isa/policies/ssw/10_00025,
45,[출입국재류관리청] 개호 재류자격 신청 안내,https://docs.google.com/document/d/1MBE0byGqUn95qI7IQ4_RcRAOhXWaujJsi9cp7brTjRM/edit?tab=t.0,https://www.moj.go.jp/isa/applications/status/nursingcare,
46,[출입국재류관리청] 2024년 말 재류외국인 통계 개설,https://docs.google.com/document/d/1h7cdrianL_9cULmHk--bMI4f5kTYRMjFwH5Tah4SEk0/edit?tab=t.0,https://www.moj.go.jp/isa/content/001442566.pdf,
47,[介護レピ Répit] 2025년 말 재류자격 개호의 도도부현별 분포,https://docs.google.com/document/d/1jqLbsWuwTgpzPz0hMFn4WYlHPtVQC1-yQiSDtwIlE0Q/edit?tab=t.0,https://kaigoaruaru.com/care-data/foreign-care-workers-prefecture-data/,
48,[후생노동성] 개호복지사 국가시험 응시·합격 추이,https://docs.google.com/document/d/1xweLMLm0y4vKvXTCr4CE8ASwfxz1rM6akTqj4cqniH8/edit?tab=t.0,https://www.mhlw.go.jp/content/12004000/001669882.pdf,
49,[후생노동성] 개호 특정기능 1호의 파트 합격에 따른 체류 연장,https://docs.google.com/document/d/19eyqQFhl6cnlD-SKITnN3sgVkbMWnbrXvnBeleTFCZc/edit?tab=t.0,https://www.mhlw.go.jp/stf/seisakunitsuite/bunya/hukushi_kaigo/seikatsuhogo/kaigo.tokuteiginou.extension,
50,[출입국재류관리청] 미얀마인 긴급피난 조치와 신청,https://docs.google.com/document/d/1Tv7Dz3jPJi_N3s0JnYm7nZnIjBgq6yn2GQ-prnuNs-s/edit?tab=t.0,https://www.moj.go.jp/isa/applications/resources/10_00036.html,
51,[출입국재류관리청] 재류자격 특정활동의 범위와 유형,https://docs.google.com/document/d/13Alva6cYMuobzbLsMZ30K9PP9uAIAj9KiRzmHPIEeF0/edit?tab=t.0,https://www.moj.go.jp/isa/applications/status/designatedactivities,
52,[출입국재류관리청] 입국·재류·취업·재입국 종합 Q&A,https://docs.google.com/document/d/1cK3MklwEOK92l5izwyZwAc6B_eD8BZwerb6jdooG0bk/edit?tab=t.0,https://www.moj.go.jp/isa/immigration/faq/kanri_qa.html,
53,[출입국재류관리청] 미얀마 정세 불안에 따른 일본 체류 신청 안내,https://docs.google.com/document/d/1Xucaw2iG6nLiFy_GDONO_26ghoicUmYrcmfAL3k_Wd4/edit?tab=t.0,https://www.moj.go.jp/isa/content/001349365.pdf,
54,[출입국재류관리청] 미얀마 긴급피난 조치 Q&A,https://docs.google.com/document/d/1Q_ipHCrzQsuOD52VmD3yKPYzzcIzsYg3ft7KoV_yVOs/edit?tab=t.0,https://www.moj.go.jp/isa/content/001352920.pdf,
55,[출입국재류관리청] 미얀마 긴급피난 조치 — 2024년 10월 개정 비교,https://docs.google.com/document/d/1mzfvKBditMHXc89sTE6B0YnKnz86wVE-1ljc7vrXj6E/edit?tab=t.0,https://www.moj.go.jp/isa/content/001349360.pdf,
56,[출입국재류관리청] 외국인 적정 고용과 재류카드 확인,https://docs.google.com/document/d/124LTid5BwkDwmNIe6GESgl054LSWIJ0oZAwrk-db0dA/edit?tab=t.0,https://www.moj.go.jp/isa/content/001439274.pdf,
57,[e-Stat·출입국재류관리청] 재류외국인 통계 데이터 목록과 이용 방법,https://docs.google.com/document/d/1URryVJPHqSZVHlzESTWEKyKU0F3BDknkBvWPC_oTguI/edit?tab=t.0,https://www.e-stat.go.jp/stat-search/files?cycle=1&layout=dataset&tclass1=000001060399&tclass2val=0&toukei=00250012&tstat=000001018034,
58,[일본학생지원기구 JASSO] 2025년 외국인 유학생 및 2024년 일본인 해외유학 조사,https://docs.google.com/document/d/1mk5qfOPMnr3Ulp6uLOwMAm-V6FmAxeFlfwoNybuDvGg/edit?tab=t.0,https://www.jasso.go.jp/about/press/jp2026052901.html,
59,[일본사법지원센터·법무성] 중장기 체류외국인 법률지원 체계,https://docs.google.com/document/d/1BT30aV5zwMWLkuGmBHAWP19sltfHHaAtbv0_TW4ictM/edit?tab=t.0,https://www.moj.go.jp/content/001464243.pdf,
60,[출입국재류관리청] 2025년 말 재류외국인 통계표·도표,https://docs.google.com/document/d/1FuNP_5fYgV-8AuPhDH-4y2ilahnnybHzl2pn_I_RMiU/edit?tab=t.0,https://www.moj.go.jp/isa/content/001459094.pdf,
61,[후생노동성] 2025년 10월 외국인 고용 신고 통계,https://docs.google.com/document/d/1SHzz3rO1AdHMdr_XfE0Fx-1QKuSrMGrIgnqq_2O96IY/edit?tab=t.0,https://www.mhlw.go.jp/stf/newpage_68794.html,
62,[출입국재류관리청] 특정기능 제도 공식 자료실 안내,https://docs.google.com/document/d/1vbUQbD1EAA6an-1CpsYz9pPNDYS3xrX7EtCJ5LA1LBk/edit?tab=t.0,https://www.moj.go.jp/isa/applications/ssw/,
63,[행정서사 시카마 사무소] 특정기능 1호 수용 상한과 증가 속도 분석,https://docs.google.com/document/d/1x8bT6mIuB8Klujn1lq8mcXjpI21852taN648J4q0cOM/edit?tab=t.0,https://gyousei-shikama-office.com/blog228/,
64,[출입국재류관리청] 외국인 근로자 제도 개요 — 2026년 7월,https://docs.google.com/document/d/1-85FxdOqdRbghWUUHm_eUi6CNl2mcOprFD-NrLEhp4Y/edit?tab=t.0,https://www.moj.go.jp/isa/content/001335263,
65,[출입국재류관리청] 2025년 말 특정기능 1호 국적·지역·분야 통계,https://docs.google.com/document/d/12EG0Hg9B858jHz3R9WWqTYcyFJUKtdbakwcXknh7kiI/edit?tab=t.0,https://www.moj.go.jp/isa/content/001459471.pdf,
66,[출입국재류관리청] 2025년 말 특정기능 통계의 주요 변화,https://docs.google.com/document/d/1NY3gLnflvxS0kM0_1At7k1zTWE0H_7yLfe3HwH9A20k/edit?tab=t.0,https://www.moj.go.jp/isa/content/001459490.pdf,
67,[출입국재류관리청] 2016년 입관법 개정과 개호 재류자격 창설,https://docs.google.com/document/d/141tiaym5EWSEagZbZfx1Lva0BjnDKmZYBQGDQjamHcs/edit?tab=t.0,https://www.moj.go.jp/isa/laws/h28_kaisei.html,
68,[e-Stat·출입국재류관리청] 국적·재류자격별 재류외국인 통계표 안내,https://docs.google.com/document/d/1jdG87MLxvbOE-A6pmtqxpveRFH7DI6-dlarvQUn1zIg/edit?tab=t.0,https://www.e-stat.go.jp/stat-search/database?statdisp_id=0004019020,
69,[外国人人材.com] 재류자격 개호의 인원 추이와 국적 구성,https://docs.google.com/document/d/12Twtjw2_izxBQa8VeTsFDyP0xc5gOEqnmHJjJ6THz64/edit?tab=t.0,https://gaikokujinjinzai.com/data/zairyu/kaigo/,
70,[출입국재류관리청] 특정기능 공업제품 제조업 분야 안내,https://docs.google.com/document/d/1GR6OD16H1K-PK0LMN_WrdIHP3rmzFaDT5VQyng1vIPg/edit?tab=t.0,https://www.moj.go.jp/isa/policies/ssw/manufacturing.html,
73,[출입국재류관리청] 특정기능 외국인 수용 운영요령 — 2025년 4월,https://docs.google.com/document/d/1zoLKZ5kDycf47hNVWgMYulRC07OPfC52Jb11hDU_h_M/edit?tab=t.0,https://www.moj.go.jp/isa/content/930004944.pdf,
74,[출입국재류관리청] 특정기능 고용 시 수용기관·지원기관의 의무,https://docs.google.com/document/d/1hQCNwc_k7W0133Pw9ZscwuNkdPyQNLFjDGXjoTvUKqI/edit?tab=t.0,https://www.moj.go.jp/isa/policies/ssw/chuui.html,
76,[출입국재류관리청] 기술·인문지식·국제업무와 특정기능의 차이,https://docs.google.com/document/d/1N_L8XYKH6oQHGJQHG6nNwLaJsU9tXzX1ZO19nN60x5E/edit?tab=t.0,https://www.moj.go.jp/isa/content/001452975.pdf,
79,[출입국재류관리청] 재류자격 변경허가 신청 안내,https://docs.google.com/document/d/1gfUW_DBgEWOfjoPVYJWB2mEz6s3hOICy4es4n6809i8/edit?tab=t.0,https://www.moj.go.jp/isa/applications/procedures/16-2.html,
81,[경제산업성] 제조업 육성취업 협의·연락회 — 제1회 자료,https://docs.google.com/document/d/1cQwF-Ach2eE3BZ71f6hLIMO3aCLVzDOoK0hr_529Fmo/edit?tab=t.0,https://www.meti.go.jp/policy/mono_info_service/gaikokujinzai/kyogikai/ikusesyuro_kyogi_renrakukai_20260508.pdf,
85,[오사카부 사회복지협의회] 개호·복지 지원 대여제도 종합 안내,https://docs.google.com/document/d/1SQzbb_i8KulfRK5x401pJFWGgDAoydse7N4Wy2sZq4I/edit?tab=t.0,https://www.osakafusyakyo.or.jp/syuugakushikin/nursing/,
